z,H,dH_dz,S_rel,dlnS_dlna,Omega_m,Omega_r,Omega_geom,Delta_H,w_geom
0.0,67.36,31.870333184,1.0,0.9462688,0.3153,9.22e-05,0.6846078,-5.307169634316544e-17,-1.0
0.008972602739726028,67.64791849432937,32.30684219982218,0.9915058499621243,0.963716826361439,0.3211126191197611,9.474225053889645e-05,0.6787926386297001,1.4100049253173985e-16,-0.9999999999999999
0.017945205479452057,67.93975144268859,32.74285677470335,0.9830061833026863,0.981176214506053,0.3269289833449523,9.731611779900445e-05,0.6729737005372488,9.107298248878237e-18,-1.0
0.026917808219178087,68.23549410974461,33.17831056989145,0.9745036621637743,0.998641496346472,0.3327472706699881,9.99210841269031e-05,0.667152808245885,1.0945020931241167e-16,-1.0
0.03589041095890411,68.53514117272191,33.613138984597626,0.9660009056727479,1.016107292129788,0.338565688547702,0.00010255662167048996,0.6613317548306276,-8.483881999699072e-17,-1.0
0.04486301369863014,68.83868673704207,34.04727916571259,0.9575004878836396,1.03356831466636,0.3443824752978588,0.00010522219319579671,0.6555123025089454,2.6964108029714495e-16,-0.9999999999999999
0.053835616438356174,69.14612435203911,34.48067001498293,0.9490049358565225,1.0510193732752717,0.3501959014212281,0.00010791725289687554,0.649696181325875,2.99781900692242e-17,-1.0
0.0628082191780822,69.45744702672795,34.91325219371378,0.9405167278746629,1.0684553774467813,0.356004270819331,0.00011064124719705699,0.643885087933472,2.417770844642675e-17,-1.0
0.07178082191780823,69.77264724560436,35.344968125069066,0.9320382917988703,1.0858713402229927,0.36180592192027755,0.00011339361553997801,0.6380806844641824,1.8805486681761074e-16,-0.9999999999999999
0.08075342465753425,70.09171698445506,35.775761994043435,0.9235720035580375,1.1032623812987883,0.3675992287113709,0.00011617379116886848,0.6322845974974601,1.4750570556665288e-16,-0.9999999999999999
0.08972602739726028,70.41464772615727,36.20557974518451,0.9151201857745042,1.1206237298458683,0.3733826016794325,0.00011898120189268817,0.6264984171186748,-3.74049749507499e-18,-1.0
0.0986986301369863,70.74143047644814,36.63436907814559,0.9066851065224923,1.13795072706345,0.37915448866003293,0.00012181527083780035,0.6207236960691294,-1.36501053515925e-16,-1.0
0.10767123287671235,71.07205577964493,37.062079441152626,0.8982689782175536,1.1552388284598818,0.3849133755970487,0.000124675417183968,0.6149619489857674,-2.0372158821002628e-16,-1.0
0.11664383561643837,71.40651373429725,37.48866202247074,0.8898739566346388,1.1724836058700776,0.3906577872141811,0.00012756105688356114,0.6092146517289353,-3.7838655819744105e-17,-1.0
0.1256164383561644,71.74479400875451,37.914069739957554,0.8815021400521202,1.1896807492142414,0.39638628760026323,0.0001304716033629584,0.6034832407963737,-8.933825901280557e-17,-1.0
0.13458904109589043,72.08688585663091,38.338257228791704,0.8731555685188381,1.2068260680039125,0.4020974807103639,0.0001334064682052261,0.5977691128214309,-1.0679391398982219e-16,-1.0
0.14356164383561645,72.43277813215289,38.761180827466234,0.8648362232409919,1.2239154926018405,0.4077900107848625,0.00013636506181325607,0.5920736241533243,-3.0791341698588326e-17,-1.0
0.15253424657534248,72.78245930537314,39.18279856213664,0.8565460260854977,1.2409450752426467,0.41346256268881204,0.00013934679405263519,0.5863980905171354,2.5695591487906455e-17,-1.0
0.1615068493150685,73.1359174772373,39.60307012941446,0.84828683919623,1.2579109908216197,0.4191138621740418,0.00014235107487361686,0.5807437867510846,-9.812029660993815e-17,-1.0
0.17047945205479453,73.49314039448969,40.02195687769638,0.8400604647193995,1.2748095374593347,0.42474267606656274,0.00014537731491165128,0.5751119466185257,-2.09576279941448e-16,-1.0000000000000002
0.17945205479452056,73.85411546440503,40.4394217871191,0.8318686446341875,1.2916371368500874,0.4303478123819412,0.0001484249260660232,0.5695037626919928,-3.86843335142828e-16,-1.0000000000000002
0.1884246575342466,74.21882976933473,40.85542944822963,0.8237130606846083,1.3083903344023873,0.4359281203713875,0.0001514933220562273,0.5639203863065563,-3.892285799222961e-17,-1.0
0.1973972602739726,74.58727008105625,41.26994603945927,0.815595334408496,1.3250657991799617,0.4414824905013795,0.00015458191895579765,0.5583629275796648,-4.130810277169772e-17,-1.0
0.20636986301369864,74.95942287491529,41.68293930348921,0.807517027259413,1.341660323651883,0.4470098543696898,0.0001576901357033811,0.5528324554946067,-1.0842021724855044e-19,-1.0
0.2153424657534247,75.33527434375134,42.094378522593715,0.7994796408172267,1.3581708232605758,0.45250918456073735,0.0001608173945909257,0.5473299980446716,1.0039712117215771e-16,-0.9999999999999999
0.22431506849315072,75.71481041159768,42.50423449304567,0.7914846170830475,1.374594335816526,0.4579794944432035,0.0001639631217289215,0.5418565424350675,-1.102633609417758e-16,-1.0
0.23328767123287675,76.09801674714778,42.91247949866753,0.7835333388542121,1.3909280207285781,0.4634198379128745,0.00016712674748870174,0.5364130353396368,-2.31043482956661e-16,-1.0000000000000002
0.24226027397260277,76.48487877698096,43.31908728360856,0.7756271301749712,1.4071691580787207,0.46882930908367776,0.00017030770692187723,0.5310003832094005,-1.687018580387445e-16,-1.0
0.2512328767123288,76.87538169854062,43.724033024427676,0.7677672568585601,1.4233151475502355,0.4742070419298691,0.0001735054401570327,0.5256194526299738,2.992397996059992e-17,-1.0
0.2602054794520548,77.26951049285891,44.12729330155861,0.7599549270763554,1.439363507218062,0.47955220988232206,0.00017671939277387713,0.5202710707249041,3.789286592836838e-16,-0.9999999999999998
0.26917808219178085,77.66724993702333,44.52884607023196,0.7521912920098406,1.4553118722101106,0.48486402538183004,0.0001799490161550847,0.5149560256020149,2.0599841277224584e-17,-1.0
0.27815068493150685,78.06858461637977,44.928670630926405,0.7444774465611826,1.4711579932482095,0.4901417393923149,0.00018319376781611747,0.509675066839869,2.097931203759451e-16,-0.9999999999999999
0.2871232876712329,78.47349893646894,45.326747599418724,0.7368144301182475,1.4868997350771922,0.4953846408767796,0.0001864531117133636,0.504428906011507,1.1210650463500116e-16,-0.9999999999999999
0.29609589041095896,78.88197713469233,45.723058876499856,0.729203227369989,1.5025350747905266,0.500592056238801,0.00018972651853096413,0.49921821724266807,-3.122502256758253e-16,-1.0000000000000002
0.30506849315068496,79.29400329170521,46.11758761742138,0.7216447691682024,1.5180621000606944,0.5057633487323024,0.0001930134659467426,0.4940436378017508,2.327782064326378e-16,-0.9999999999999999
0.314041095890411,79.70956134253457,46.51031820113447,0.7141399334317329,1.533479007282343,0.5108979178422774,0.00019631343887768063,0.4889057687188449,-8.272462576064399e-17,-1.0
0.323013698630137,80.12863508742032,46.9012361993805,0.706689546089334,1.548784099636053,0.5159951986390771,0.00019962592970541743,0.48380517543121754,-5.0415401020575956e-17,-1.0
0.33198630136986307,80.55120820237867,47.29032834568962,0.6992943820574682,1.563975785080314,0.521054661108795,0.00020295043848227347,0.47874238845272277,4.83554168928535e-17,-1.0
0.34095890410958907,80.97726424948715,47.67758250434136,0.6919551662494504,1.5790525742791073,0.5260758094622112,0.0002062864731183257,0.47371790406467046,2.082752373344654e-16,-0.9999999999999999
0.3499315068493151,81.40678668689117,48.06298763933801,0.6846725746124642,1.5940130784722253,0.5310581814246749,0.0002096335495500785,0.46873218502577507,3.660266534311063e-16,-0.9999999999999998
0.3589041095890411,81.83975887853236,48.446533783439506,0.6774472351890887,1.608856007295237,0.536001347509224,0.00021299119189129573,0.4637856612988847,-2.9956506025774488e-16,-1.0000000000000002
0.3678767123287672,82.27616410359971,48.82821200730521,0.6702797292001017,1.6235801665557343,0.5409049102751561,0.00021635893256656937,0.45887873079227737,-2.931682674400804e-16,-1.0000000000000002
0.3768493150684932,82.71598556570416,49.20801438878567,0.6631705921454566,1.6381844559722338,0.5457685035741736,0.00021973631242821337,0.45401176011339817,2.4990860075790877e-16,-0.9999999999999998
0.38582191780821923,83.15920640177879,49.58593398240506,0.6561203149204501,1.6526678668818673,0.5505917917861463,0.000223122880857083,0.44918508533299667,1.8604909279851256e-16,-0.9999999999999999
0.3947945205479452,83.60580969070595,49.961964789071835,0.6491293449442394,1.6670294799226972,0.5553744690464351,0.00022651819584792044,0.44439901275771704,3.716645047280309e-16,-0.9999999999999997
0.4037671232876713,84.055778461674,50.336101726053045,0.6421980872979841,1.681268462696237,0.5601162584666394,0.00022992182407983742,0.4396538197092808,-2.669305748659312e-16,-1.0000000000000002
0.4127397260273973,84.5090957022657,50.708340597245346,0.6353269058700352,1.6953840674154965,0.5648169113505354,0.00023333334097254375,0.4349497553084921,3.8998752144303594e-16,-0.9999999999999997
0.42171232876712333,84.96574436628147,51.07867806377307,0.6285161245057116,1.709375628543585,0.5694762064068898,0.00023675233072893313,0.43028704126238126,-1.5070410197548512e-16,-1.0000000000000002
0.4306849315068494,85.42570738130046,51.44711161494137,0.621766028159342,1.7232425604276482,0.57409394896073,0.00024017838636463144,0.4256658726529054,-1.7867651802561113e-16,-1.0000000000000002
0.4396575342465754,85.88896765598237,51.813639539570744,0.6150768640463764,1.7369843549326591,0.5786699701645862,0.00024361110972511636,0.4210864187256887,-8.61940727125976e-17,-1.0
0.44863013698630144,86.35550808711437,52.178260897735996,0.6084488427934959,1.7506005790792876,0.583204126211108,0.0002470501114910016,0.41654882367740104,-1.9038590148845458e-16,-1.0000000000000002
0.45760273972602744,86.82531156640577,52.54097549293187,0.6018821395847849,1.7640908726898754,0.5876962975483956,0.0002504950111720838,0.41205320744043233,2.0881733842070815e-16,-0.9999999999999998
0.4665753424657535,87.29836098703548,52.901783844684324,0.5953768953021341,1.7774549460462177,0.5921463880992849,0.00025394543709073117,0.4075996664636244,-4.119968255444917e-18,-1.0
0.4755479452054795,87.77463924995529,53.260687161625384,0.5889332176581881,1.790692577562675,0.5965543244857515,0.00025740102635519145,0.4031882744878933,-4.649058915617843e-16,-1.0000000000000004
0.48452054794520555,88.25412926995412,53.61768731504686,0.58255118232024,1.8038036114778482,0.6009200552595183,0.000260861424823382,0.3988190833156583,-3.7296554733501353e-16,-1.0000000000000002
0.49349315068493155,88.73681398148689,53.97278681294707,0.576230834023618,1.8167879555678352,0.6052435501398682,0.000264326287057715,0.3944921235730741,-3.126839065448195e-16,-1.0000000000000002
0.5024657534246576,89.22267634427297,54.32598877458255,0.569972187673197,1.8296455788838681,0.609524799259594,0.0002677952762714983,0.39020740546413446,8.998878031629687e-17,-0.9999999999999999
0.5114383561643836,89.71169934866839,54.677296905535144,0.5637752294317909,1.8423765095168858,0.6137638124199388,0.0002712680642674397,0.38596491951579376,-3.172375556692586e-16,-1.0000000000000002
0.5204109589041096,90.2038660208169,55.02671547330352,0.557639917794276,1.8549808323914083,0.617960618355311,0.00027474433136876814,0.3817646373133202,1.8626593323300966e-16,-0.9999999999999999
0.5293835616438357,90.6991594275843,55.37424928342611,0.5515661846464016,1.8674586870908434,0.6221152640084898,0.0002782237663434697,0.3776065122251667,-5.876375774871434e-17,-1.0
0.5383561643835617,91.19756268128094,55.71990365614202,0.5455539363073391,1.8798102657161995,0.6262278138169703,0.0002817060663221259,0.37349048011670755,-7.502679033599691e-17,-1.0
0.5473287671232877,91.69905894417718,56.06368440359395,0.5396030545551117,1.892035810779945,0.6302983490110353,0.000285190936709823,0.36941646005225487,-4.575333167888829e-17,-1.0
0.5563013698630137,92.2036314328169,56.40559780757671,0.5337133976341367,1.9041356131365976,0.6343269669240758,0.000288678091092585,0.3653843549848317,-8.153200337090993e-17,-1.0
0.5652739726027398,92.71126342213367,56.745650597833674,0.5278848012441995,1.916110009951453,0.6383137803156325,0.0002921672511387721,0.36139405243322875,5.00901403688303e-16,-0.9999999999999996
0.5742465753424658,93.22193824937469,57.08384993090172,0.5221170795102551,1.927959382708674,0.6422589167075634,0.00029565814649586434,0.35744542514594074,3.7643499428696714e-16,-0.9999999999999997
0.5832191780821918,93.7356393178375,57.42020336950512,0.5164100259325346,1.939684155259837,0.6461625177337016,0.0002991505146830411,0.35353833175161536,1.235990476633475e-17,-1.0
0.5921917808219179,94.25235010042391,57.754718862497064,0.5107634143165048,1.951284791913848,0.6500247385033093,0.000302644100979945,0.3496726173957107,3.0270924655795284e-16,-0.9999999999999997
0.6011643835616439,94.77205414301687,58.087404725347,0.5051769996822972,1.9627617955690173,0.6538457469785897,0.00030613865831200665,0.3458481143630983,3.0487765090292385e-16,-0.9999999999999997
0.6101369863013699,95.2947350676843,58.41826962117106,0.49965051915329517,1.974115705887947,0.6576257233664721,0.00030963394713269163,0.34206464268639525,-4.0766001685454967e-17,-1.0
0.6191095890410959,95.82037657571541,58.747322542301816,0.494183692823619,1.9853470975157421,0.6613648595248434,0.00031312973530301145,0.33832201073985363,-1.2793585635328952e-17,-1.0
0.628082191780822,96.34896245049389,59.07457279239335,0.4887762246043207,1.9964565783419594,0.6650633583833616,0.0003166257979686284,0.33462001581866974,8.803721640582296e-17,-0.9999999999999999
0.637054794520548,96.88047656021295,59.400029969056305,0.4834278030481435,2.007444787806566,0.6687214333789423,0.000320121917434869,0.33095844470362284,-2.706168622523819e-16,-1.0000000000000002
0.646027397260274,97.41490286043705,59.72370394701781,0.4781381021527588,2.018312395250113,0.6723393079059843,0.00032361788303994195,0.3273370742109758,3.452099717193846e-16,-0.9999999999999997
0.655,97.95222539651454,60.04560486179956,0.4729067821424421,2.0290600983081775,0.6759172147813568,0.0003271134910266477,0.32375567172761655,4.683753385137379e-16,-0.9999999999999996
0.6639726027397261,98.49242830584666,60.36574309390782,0.467733490228188,2.039688621350089,0.6794553957241459,0.0003306085444128456,0.3202139957314412,-1.71954464556201e-16,-1.0000000000000002
0.6729452054794521,99.03549582001634,60.68412925352801,0.46261786134631927,2.050198713961834,0.6829541008501302,0.00033410285286093706,0.31671179629700885,-3.870601755773251e-16,-1.0000000000000004
0.6819178082191781,99.58141226678235,61.00077416571651,0.4575595188756665,2.0605911494729616,0.686413588180925,0.0003375962325466043,0.3132488155865284,3.8142232428040046e-16,-0.9999999999999996
0.6908904109589041,100.13016207194279,61.31568885608122,0.45255807533344594,2.070866723527233,0.6898341231677082,0.00034108850602703237,0.30982478832626476,2.645453300864631e-16,-0.9999999999999997
0.6998630136986302,100.68172976107184,61.62888453694361,0.4476131330499898,2.081026252696726,0.6932159782294304,0.0003445795021088322,0.3064394422684608,-7.528699885739343e-16,-1.0000000000000009
0.7088356164383562,101.23609996113491,61.94037259397251,0.4427242848225123,2.091070573138975,0.6965594323053707,0.00034806905571586373,0.30309249863891347,-1.459336124165489e-16,-1.0000000000000002
0.7178082191780822,101.79325740198587,62.250164573281836,0.4378911145481263,2.1010005392967344,0.699864770421902,0.00035155700775715143,0.2997836725703409,-8.326672684688674e-17,-1.0
0.7267808219178084,102.35318691775028,62.558272168982626,0.4331131978363511,2.1108170226398677,0.7031322832732957,0.0003550432049950693,0.29651267352170924,2.480654570646834e-16,-0.9999999999999997
0.7357534246575343,102.9158734480993,62.864707211180324,0.4283901026013708,2.120520910448818,0.7063622668163873,0.0003585274999139619,0.2932792056836988,3.6038880213418167e-16,-0.9999999999999996
0.7447260273972603,103.48130203941761,63.16948165440808,0.4237213896343283,2.1301131046390887,0.7095550218789103,0.0003620097505893584,0.29008296837050035,2.480654570646834e-16,-0.9999999999999997
0.7536986301369863,104.04945784586953,63.472607566486396,0.4191066131559571,2.1395945206261056,0.7127108537812913,0.0003654898205579231,0.2869236563981508,1.1384122811097797e-16,-0.9999999999999999
0.7626712328767125,104.62032613036726,63.774097117799535,0.4145453213498673,2.148966086229811,0.715830071971686,0.00036896757868827725,0.2838009604496257,-2.8384412875670506e-16,-1.0000000000000004
0.7716438356164385,105.19389226544432,64.07396257097906,0.4100370568768251,2.158228740618299,0.7189129896740291,0.0003724428990528173,0.28071456742691814,3.950832716537178e-16,-0.9999999999999996
0.7806164383561645,105.77014173403863,64.37221627098485,0.40558135737036494,2.167383433289783,0.7219599235488601,0.0003759156608006451,0.2776641607903393,-1.691355389077387e-17,-1.0
0.7895890410958905,106.3490601301881,64.66887063557375,0.4011777559141008,2.176431123092163,0.7249711933666787,0.0003793857480317155,0.2746494208852896,1.6805133673525319e-16,-0.9999999999999998
0.7985616438356166,106.93063315964241,64.96393814614603,0.3968257815010988,2.1853727772794285,0.7279471216935798,0.0003828530496722991,0.27167002525674794,1.5612511283791264e-16,-0.9999999999999998
0.8075342465753426,107.51484664039452,65.25743133896026,0.39252495947569027,2.1942093706041277,0.7308880335889066,0.00038631745935184953,0.2687256489517415,2.6085904270001237e-16,-0.9999999999999997
0.8165068493150686,108.10168650313467,65.54936279670635,0.38827481195810903,2.2029418844451176,0.7337942563146639,0.0003897788752813573,0.26581596481005476,4.3368086899420177e-16,-0.9999999999999994
0.8254794520547946,108.69113879163062,65.83974514042767,0.38407485825234056,2.211571305969792,0.7366661190564198,0.0003932372001332618,0.26294064374344694,-3.3306690738754696e-16,-1.0000000000000004
0.8344520547945207,109.28318966303662,66.12859102178238,0.37992461523757837,2.2200986273299885,0.7395039526554322,0.0003966923409229902,0.2600993550036448,-7.589415207398531e-18,-1.0
0.8434246575342467,109.87782538813491,66.41591311563418,0.37582359774368046,2.2285248448907335,0.7423080893517218,0.00040014420889218107,0.25729176643938606,-2.5630539357557325e-16,-1.0000000000000002
0.8523972602739727,110.47503235151157,66.70172411296382,0.371771318911031,2.236850958491056,0.7450788625378273,0.0004035927193936492,0.25451754474277904,-6.071532165918825e-16,-1.0000000000000009
0.8613698630136988,111.07479705167086,66.9860367140912,0.3677672905351983,2.245077970735989,0.747816606522959,0.00040703779177813336,0.25177635568526285,-1.8735013540549517e-16,-1.0000000000000002
0.8703424657534248,111.67710610108932,67.26886362219946,0.36381102339679944,2.2532068863189885,0.7505216563072858,0.0004104793492828741,0.24906786434343128,-5.644356509959536e-16,-1.0000000000000007
0.8793150684931508,112.2819462262139,67.55021753715174,0.35990202757696077,2.2612387113739145,0.7531943473660756,0.00041391731892205324,0.24639173531500236,-4.917941054394248e-16,-1.0000000000000007
0.8882876712328768,112.88930426740525,67.83011114959153,0.35603981275878027,2.2691744528557782,0.7558350154434206,0.00041735163137912595,0.2437476329252003,-2.168404344971009e-19,-1.0
0.8972602739726029,113.49916717882962,68.10855713531808,0.35222388851518277,2.277015117949427,0.7584439963552744,0.00042078222090107485,0.24113522142382454,-1.8691645453650096e-16,-1.0000000000000002
0.9062328767123289,114.11152202830147,68.38556814992809,0.34845376458356386,2.284761713505379,0.7610216258015338,0.00042420902519460155,0.23855416517327163,-9.848892534858322e-16,-1.0000000000000013
0.9152054794520549,114.7263559970791,68.66115682371507,0.34472895112760993,2.2924152455019824,0.7635682391868951,0.0004276319853242776,0.23600412882778063,-1.0842021724855044e-16,-1.0000000000000002
0.9241780821917809,115.34365637961565,68.93533575681793,0.3410489589866816,2.299976718533126,0.7660841714502252,0.0004310510456126626,0.2334847775041621,-3.1073234263434557e-16,-1.0000000000000004
0.933150684931507,115.96341058326779,69.20811751461105,0.337413299913141,2.307447135320715,0.7685697569021818,0.0004344661535424019,0.23099577694427584,-1.3660947373317356e-16,-1.0000000000000002
0.942123287671233,116.58560612796373,69.47951462332715,0.3338214867980007,2.314827496251135,0.7710253290708313,0.0004378772596603095,0.22853679366950838,-1.6328084717631697e-16,-1.0000000000000002
0.951095890410959,117.21023064583348,69.74953956590564,0.3302730338852615,2.32211879893494,0.773451220555002,0.00044128431748343316,0.22610749512751452,1.481020167615199e-16,-0.9999999999999998
0.960068493150685,117.83727188080248,70.01820477805842,0.3267674569753092,2.3293220377890242,0.7758477628851319,0.00044468728340710695,0.223707549831461,-1.2880321809127793e-16,-1.0000000000000002
0.9690410958904111,118.46671768815104,70.2855226445457,0.32330427361772585,2.3364382036405273,0.7782152863913558,0.000448086116614982,0.22133662749202918,-1.1145598333150986e-16,-1.0000000000000002
0.9780136986301371,119.0985560340411,70.55150549565441,0.3198830032938722,2.3434682833517595,0.7805541200785985,0.00045148077899103176,0.21899439914241048,4.2717565595928875e-17,-0.9999999999999999
0.9869863013698631,119.7327749950125,70.81616560387224,0.31650316758958386,2.3504132594654243,0.7828645915084301,0.0004548712350335214,0.21668053725653635,-2.1467203015212988e-17,-1.0
0.9959589041095891,120.36936275745016,71.07951518074996,0.3131642903583244,2.3572741098694494,0.7851470266874554,0.00045825745177092926,0.2143947158607737,-7.194765616613807e-16,-1.000000000000001
1.0049315068493152,121.0083076170239,71.34156637394553,0.3098658978751266,2.364051807480735,0.7874017499620052,0.00046163939867980853,0.21213661063931502,5.102255423716784e-16,-0.9999999999999992
1.0139041095890413,121.64959797810243,71.6023312644428,0.30660751898164973,2.3707473199471485,0.7896290839189101,0.0004650170476045695,0.20990589903348536,1.1774435593192578e-16,-0.9999999999999998
1.0228767123287672,122.29322235314362,71.8618218639392,0.30338868522266804,2.3773616093671293,0.7918293492921373,0.0004683903726791717,0.2077022603351835,5.813492048867275e-16,-0.9999999999999991
1.0318493150684933,122.93916936206121,72.12005011239513,0.30020893097430784,2.3838956320262326,0.7940028648750767,0.00047175935025069957,0.20552537577467264,-8.695301423333746e-17,-1.0000000000000002
1.0408219178082192,123.58742773157111,72.37702787573953,0.2970677935643308,2.3903503381500135,0.7961499474382646,0.0004751239588048049,0.20337492860293058,3.426078865054194e-16,-0.9999999999999994
1.0497945205479453,124.2379862945174,72.63276694372537,0.2939648133847654,2.396726671672629,0.7982709116523523,0.00047848417889299584,0.2012506041687547,2.896988204881268e-16,-0.9999999999999996
1.0587671232876714,124.8908339891794,72.88727902792932,0.2908995339971758,2.4030255700205663,0.8003660700161065,0.00048183999306174353,0.19915208999083175,-6.266688556966216e-17,-1.0
1.0677397260273973,125.54595985856226,73.14057575989034,0.28787150223084496,2.4092479639109223,0.802435732789263,0.0004851913857833897,0.19707907582495365,4.575333167888829e-17,-0.9999999999999999
1.0767123287671234,126.20335304967061,73.39266868938056,0.28488026827415464,2.415394777163652,0.8044802079300324,0.0004885383433888223,0.19503125372657878,-5.325601071248798e-16,-1.0000000000000009
1.0856849315068495,126.86300281276775,73.64356928280475,0.2819253857594239,2.4214669265272697,0.8064998010370875,0.0004918808540019005,0.1930083181089106,-5.689893001203927e-16,-1.0000000000000009
1.0946575342465754,127.52489850062086,73.89328892172188,0.27900641184146774,2.427465321517432,0.8084948152958432,0.0004952189074755948,0.1910099657966812,7.719519468096792e-17,-0.9999999999999999
1.1036301369863015,128.1890295677336,74.14183890148436,0.2761229072701295,2.4333908642679076,0.810465551428863,0.0004985524953298221,0.18903589607580717,-4.597017211338539e-16,-1.0000000000000009
1.1126027397260274,128.85538556956692,74.38923042999018,0.27327443645703114,2.4392444493934273,0.8124123076502212,0.0005018816106909419,0.18708581073908784,-2.931682674400804e-16,-1.0000000000000004
1.1215753424657535,129.52395616174908,74.63547462654289,0.2704605675367819,2.44502696386391,0.8143353796236594,0.0005052062482328877,0.18515941412810769,1.0711917464156784e-16,-0.9999999999999998
1.1305479452054796,130.19473109927605,74.88058252081512,0.2676808724228737,2.4507392868896076,0.816235060424376,0.0005085264041199055,0.1832564131715041,3.122502256758253e-17,-0.9999999999999999
1.1395205479452055,130.86770023570307,75.12456505191136,0.26493492685848996,2.456382289816696,0.8181116405042974,0.0005118420759508663,0.18137651741975172,5.659535340374333e-16,-0.999999999999999
1.1484931506849316,131.54285352232802,75.3674330675253,0.26222231046244465,2.461956836032872,0.8199654076606838,0.0005151532627051275,0.17951943907661105,-6.5052130349130266e-18,-1.0
1.1574657534246577,132.2201810073681,75.60919732318816,0.2595426067704607,2.4674637808825195,0.8217966470079198,0.0005184599646899121,0.17768489302739032,4.36282954208167e-16,-0.9999999999999992
1.1664383561643836,132.89967283512928,75.84986848160342,0.2568954032719966,2.4729039715910264,0.8236056409523566,0.0005217621834891719,0.17587259686415427,1.3227266504323154e-16,-0.9999999999999998
1.1754109589041097,133.58131924517144,76.08945711206482,0.2542802914428096,2.478278247197851,0.8253926691700654,0.0005250599219139119,0.17408227090802073,-5.997806418189811e-16,-1.000000000000001
1.1843835616438358,134.26511057146735,76.32797368995315,0.2516968667734582,2.4835874384979433,0.8271580085873759,0.0005283531839539391,0.17231363822867019,2.211772431870429e-17,-1.0
1.1933561643835617,134.9510372415583,76.56542859630879,0.24914472879391794,2.488832367991129,0.828901933364068,0.0005316419747310102,0.17056642466120095,8.062127354602211e-16,-0.9999999999999984
1.2023287671232878,135.63908977570608,76.8018321174763,0.24662348109449578,2.4940138498391193,0.830624714879102,0.000534926300453347,0.1688403588204446,-3.3003114130458755e-16,-1.0000000000000007
1.2113013698630137,136.32925878604146,77.03719444481781,0.24413273134321392,2.499132689829765,0.8323266217187597,0.0005382061683714864,0.1671351721128688,1.5222198501696482e-16,-0.9999999999999997
1.2202739726027398,137.02153497571172,77.2715256744918,0.2416720912998262,2.5041896853482157,0.8340079196670913,0.0005414815867354425,0.16545059874617324,2.454633718507182e-16,-0.9999999999999996
1.229246575342466,137.71590913802498,77.50483580729446,0.23924117682663487,2.5091856253546734,0.8356688716985534,0.0005447525647531453,0.16378637573669344,5.442694905877232e-16,-0.9999999999999989
1.2382191780821918,138.4123721555943,77.7371347485601,0.23683960789625555,2.5141212903683963,0.8373097379727319,0.0005480191125501272,0.162142242914718,2.9967348047499343e-16,-0.9999999999999993
1.247191780821918,139.11091499948117,77.96843230811864,0.23446700859648428,2.5189974524576706,0.8389307758310495,0.0005512812411304328,0.1605179429278201,5.668208957754217e-16,-0.9999999999999988
1.256164383561644,139.811528728338,78.19873820030618,0.23212300713241155,2.5238148752354244,0.8405322397953566,0.0005545389623387172,0.15891322124230464,-5.048045315092509e-16,-1.000000000000001
1.26513698630137,140.51420448755212,78.42806204402714,0.2298072358259174,2.528574313860236,0.842114381568314,0.000557792288823511,0.1573278261428625,-1.7780915628762273e-16,-1.0000000000000004
1.274109589041096,141.21893350838965,78.65641336286428,0.22751933111268793,2.533276515042414,0.8436774500354692,0.0005610412340016161,0.15576150873052916,-1.4354836763708079e-16,-1.0000000000000002
1.283082191780822,141.92570710714088,78.8838015852353,0.22525893353687795,2.537922217054939,0.8452216912689483,0.0005642858120236122,0.15421402291902808,-4.419208055050916e-16,-1.0000000000000009
1.292054794520548,142.63451668426757,79.11023604459244,0.22302568774354373,2.542512149748958,0.8467473485326653,0.0005675260377404416,0.15268512542959425,5.269222558279552e-16,-0.9999999999999989
1.3010273972602742,143.3453537235514,79.3357259796636,0.2208192424689701,2.547047034573627,0.8482546622889808,0.000570761926671047,0.15117457578434812,4.497270611469872e-16,-0.999999999999999
1.31,144.05820979124582,79.5602805347326,0.21863925052899927,2.5515275846000494,0.8497438702067219,0.0005739934949710372,0.14968213629830704,-5.789639601072594e-16,-1.0000000000000013
1.3189726027397262,144.7730765352295,79.78390875995608,0.21648536880547928,2.555954504549079,0.8512152071704898,0.0005772207594023504,0.14820757207010782,5.334274688628682e-17,-0.9999999999999999
1.3279452054794523,145.4899456841638,80.00661961171538,0.21435725823093288,2.5603284908227724,0.8526689052911853,0.0005804437373038928,0.14675065097151077,1.0217521273503394e-15,-0.9999999999999977
1.3369178082191782,146.20880904665287,80.22842195300122,0.21225458377155176,2.564650231539289,0.8541051939176789,0.0005836624465631266,0.14531114363575795,-3.1008182133085427e-16,-1.0000000000000007
1.3458904109589043,146.92965851040725,80.44932455382971,0.21017701440861355,2.568920406571041,0.8555242996495622,0.0005868769055885828,0.14388882344484918,-8.109832250191573e-17,-1.0000000000000002
1.3548630136986304,147.6524860414123,80.66933609168709,0.20812422311841353,2.573139687585865,0.8569264463509106,0.00059008713328327,0.1424834665158061,-1.4137996329210978e-16,-1.0000000000000002
1.3638356164383563,148.37728368309925,80.8884651520021,0.20609588685080607,2.5773087380910806,0.8583118551650016,0.0005932931490189617,0.1410948516859794,-2.3462135012586316e-16,-1.0000000000000004
1.3728082191780824,149.10404355552208,81.10672022864443,0.20409168650643653,2.581428213480228,0.8596807445299273,0.0005964949726113368,0.1397227604974614,1.0742275124986378e-15,-0.9999999999999974
1.3817808219178083,149.83275785453804,81.32410972444667,0.2021113069127512,2.585498761082306,0.8610333301950408,0.0005996926242959428,0.13836697718066326,-3.8163916471489756e-17,-1.0
1.3907534246575344,150.56341885099317,81.54064195174958,0.20015443679886255,2.58952102021338,0.8623698252381866,0.0006028861247049704,0.13702728863710842,-1.3053794156725473e-16,-1.0000000000000002
1.3997260273972605,151.2960188899131,81.75632513296821,0.19822076876934688,2.5934956222303716,0.8636904400836641,0.000606075494844812,0.13570348442149105,1.3877787807814457e-17,-1.0
1.4086986301369864,152.0305503896986,81.97116740117758,0.1963099992770473,2.597423190586891,0.8649953825208644,0.000609260756074375,0.13439535672306124,4.2457357074532354e-16,-0.999999999999999
1.4176712328767125,152.7670058413267,82.18517680071726,0.19442182859495138,2.6013043408909833,0.8662848577235489,0.0006124419300841472,0.13310270034636695,-2.905661822261152e-17,-1.0
1.4266438356164386,153.5053778075574,82.39836128781262,0.19255596078721146,2.605139680964619,0.8675590682697049,0.0006156190388759702,0.13182531269141917,4.419208055050916e-16,-0.9999999999999989
1.4356164383561645,154.24565892214574,82.61072873121208,0.19071210367937078,2.6089298109048262,0.8688182141619507,0.0006187921047435198,0.13056299373330577,-1.960237527853792e-16,-1.0000000000000004
1.4445890410958906,154.98784188906006,82.82228691283919,0.18888996882785633,2.6126753231463318,0.8700624928484394,0.0006219611502534631,0.12931554600130715,-3.7426658994199613e-16,-1.0000000000000009
1.4535616438356167,155.73191948170552,83.03304352845802,0.1870892714887994,2.6163768025255787,0.871292099244223,0.000625126198227274,0.1280827745575497,5.451368523257116e-16,-0.9999999999999986
1.4625342465753426,156.47788454215453,83.24300618835125,0.18530973058623512,2.6200348263460187,0.8725072257530413,0.0006282872717236935,0.126864486975235,4.2934406030425976e-17,-0.9999999999999999
1.4715068493150687,157.22572998038248,83.45218241800936,0.18355106867973967,2.6236499644445654,0.8737080622894928,0.0006314443940218065,0.12566049331648538,-2.632442874794805e-16,-1.0000000000000007
1.4804794520547946,157.97544877351027,83.66057965883071,0.18181301193155197,2.6272227792591036,0.8748947963015618,0.0006345975886047271,0.12447060610983353,-4.124305064134859e-16,-1.000000000000001
1.4894520547945207,158.7270339650529,83.8682052688308,0.18009529007323058,2.630753825896956,0.87606761279346,0.0006377468791438682,0.12329464032739612,4.2500725161431774e-16,-0.9999999999999989
1.4984246575342468,159.48047866417448,84.07506652335991,0.1783976363718923,2.6342436522041996,0.8772266943487549,0.0006408922894837768,0.12213241336176134,-2.3201926491189795e-16,-1.0000000000000007
1.5073972602739727,160.23577604494983,84.28117061582921,0.17671978759607493,2.6376927988357792,0.8783722211537562,0.0006440338436275295,0.12098374500261623,5.061055741162335e-16,-0.9999999999999986
1.5163698630136988,160.99291934563252,84.4865246584429,0.17506148398126847,2.6411017993262687,0.8795043710211261,0.0006471715657226523,0.11984845741315124,-2.8189256484623115e-16,-1.0000000000000009
1.525342465753425,161.75190186792955,84.69113568293707,0.17342246919515344,2.6444711801612626,0.8806233194136909,0.0006503054800475678,0.11872637510626156,-1.93421667571414e-16,-1.0000000000000004
1.5343150684931508,162.5127169762826,84.89501064132368,0.17180249030258526,2.647801460849276,0.8817292394684271,0.0006534356109985428,0.11761732492057439,7.550383929189053e-16,-0.9999999999999979
1.543287671232877,163.27535809715624,85.09815640663926,0.17020129773036044,2.6510931539940956,0.8828223020205956,0.0006565619830771242,0.11652113599632724,2.0383000842727483e-16,-0.9999999999999994
1.5522602739726028,164.0398187183325,85.30057977369758,0.16861864523179929,2.6543467653675092,0.8839026756279992,0.0006596846208780482,0.11543763975112277,-3.7730235602495554e-16,-1.000000000000001
1.561232876712329,164.80609238821245,85.50228745984569,0.16705428985117882,2.657562793982344,0.8849705265953445,0.0006628035490776086,0.11436666985557792,-2.3115190317390955e-16,-1.0000000000000007
1.570205479452055,165.5741727151246,85.70328610572264,0.16550799188804544,2.660741732165746,0.886026018998685,0.0006659187924224692,0.11330806220889249,1.0278236595162582e-15,-0.999999999999997
1.579178082191781,166.34405336664,85.90358227602017,0.16397951486143814,2.663884065632648,0.8870693147099245,0.0006690303757189064,0.11226165491435665,-1.074661193367632e-15,-1.000000000000003
1.588150684931507,167.11572806889404,86.10318246024569,0.16246862547405083,2.6669902735593807,0.8881005734213636,0.0006721383238224731,0.11122728825481391,-2.8406096919120216e-16,-1.0000000000000009
1.5971232876712331,167.8891906059157,86.3020930734852,0.16097509357635742,2.670060828657316,0.8891199526702679,0.0006752426616280608,0.11020480466810405,1.8084492237058214e-16,-0.9999999999999994
1.606095890410959,168.66443481896266,86.50032045716767,0.1594986921307298,2.673096197246572,0.8901276078634435,0.0006783434140603572,0.10919404872249618,4.844215306665234e-16,-0.9999999999999986
1.6150684931506851,169.4414546058644,86.6978708798293,0.15803919717556703,2.676096839329671,0.891123692301804,0.0006814406060646832,0.10819486709213132,-2.862293735361732e-17,-1.0
1.6240410958904112,170.2202439203712,86.89475053787709,0.15659638778946322,2.6790632086651245,0.8921083572049104,0.0006845342625981973,0.10720710853249137,3.7426658994199613e-16,-0.9999999999999989
1.6330136986301371,171.0007967715104,87.090965556352,0.15517004605543172,2.681995752840898,0.8930817517354709,0.0006876244086214521,0.10623062385590766,-3.8120548384590336e-16,-1.000000000000001
1.6419863013698632,171.78310722294987,87.2865219896908,0.15375995702520742,2.684894913347725,0.8940440230237879,0.0006907110690902999,0.10526526590712176,-2.233456475320139e-16,-1.0000000000000007
1.6509589041095891,172.5671693923672,87.48142582248619,0.15236590868364724,2.687761125652211,0.8949953161921393,0.0006937942689481276,0.10431088953891253,3.7903707950093235e-16,-0.9999999999999988
1.6599315068493152,173.3529774508273,87.67568297024523,0.15098769191324307,2.6905948192697084,0.8959357743790783,0.0006968740331184175,0.10336735158780325,-2.484991379336776e-16,-1.0000000000000009
1.6689041095890413,174.14052562216514,87.86929928014546,0.14962510045876873,2.6933964178369267,0.8968655387636456,0.000699950386497617,0.10243451084985677,-4.462576141950336e-16,-1.0000000000000016
1.6778767123287672,174.92980818237646,88.06228053178815,0.14827793089207275,2.6961663391842263,0.8977847485894778,0.0007030233539483116,0.10151222805657392,-3.3089850304257595e-16,-1.000000000000001
1.6868493150684933,175.72081945901485,88.25463243794904,0.14694598257703378,2.698904995407588,0.8986935411888058,0.0007060929602926899,0.10060036585090147,-7.892991815694472e-17,-1.0000000000000002
1.6958219178082194,176.51355383059501,88.44636064532567,0.14562905763469342,2.7016127929402245,0.8995920520063332,0.0007091592303062905,0.09969878876336052,-2.2898349882893854e-16,-1.0000000000000007
1.7047945205479453,177.30800572600398,88.63747073528131,0.14432696090857633,2.7042901326237927,0.9004804146229816,0.0007122221887120234,0.09880736318830642,2.862293735361732e-17,-0.9999999999999999
1.7137671232876714,178.10416962391753,88.82796822458528,0.14303949993021428,2.706937409779202,0.9013587607795014,0.0007152818601744533,0.09792595736032415,-3.8163916471489756e-17,-1.0000000000000002
1.7227397260273976,178.9020400522242,89.01785856614913,0.1417664848848814,2.7095550142769786,0.9022272203999337,0.00071833826929434,0.09705444133077192,3.859759734048396e-17,-0.9999999999999999
1.7317123287671234,179.70161158745574,89.20714714975894,0.14050772857755428,2.712143330607174,0.90308592161492,0.0007213914406034254,0.09619268694447661,1.3140530330524314e-16,-0.9999999999999996
1.7406849315068496,180.50287885422364,89.39583930280301,0.1392630463991053,2.714702737948792,0.9039349907848512,0.0007244413985594577,0.09534056781658937,3.2439329000766293e-16,-0.9999999999999989
1.7496575342465754,181.30583652466288,89.58394029099519,0.13803225629273855,2.7172336102387176,0.9047745525228507,0.000727488167541448,0.09449795930960789,-9.80118763926896e-17,-1.0000000000000004
1.7586301369863016,182.11047931788147,89.7714553190933,0.1368151787206783,2.719736316240134,0.9056047297175844,0.0007305317718451488,0.09366473851057042,-1.0668549377257364e-16,-1.0000000000000004
1.7676027397260277,182.91680199941692,89.95838953161291,0.13561163663111547,2.722211219610397,0.906425643555894,0.0007335722356787469,0.09284078420842731,3.144186300207963e-16,-0.9999999999999989
1.7765753424657535,183.72479938069878,90.14474801353562,0.13442145542542183,2.7246586789683698,0.907237413545245,0.0007366095831587652,0.09202597687159622,-3.122502256758253e-16,-1.000000000000001
1.7855479452054797,184.5344663185176,90.33053579101274,0.13324446292563732,2.7270790479611997,0.9080401575359917,0.0007396438383061665,0.09122019862570217,-3.0791341698588326e-17,-1.0000000000000002
1.7945205479452058,185.3457977145005,90.51575783206302,0.13208048934223654,2.7294726753305065,0.9088339917434455,0.0007426750250426478,0.09042333323151187,-3.929148673087468e-16,-1.0000000000000016
1.8034931506849317,186.1587885145921,90.70041904726537,0.13092936724218163,2.7318399049780013,0.9096190307697509,0.0007457031671871237,0.08963526606306195,6.288372600415926e-17,-0.9999999999999998
1.8124657534246578,186.97343370854296,90.88452429044587,0.12979093151726406,2.7341810760304974,0.9103953876255627,0.0007487282884523927,0.0888558840859849,-3.950832716537178e-16,-1.0000000000000016
1.8214383561643837,187.7897283294027,91.06807835935903,0.12866501935274308,2.736496522904326,0.9111631737515191,0.0007517504124419735,0.0880850758360389,6.31873026124552e-16,-0.9999999999999976
1.8304109589041098,188.60766745302044,91.25108599636324,0.1275514701962821,2.73878657536912,0.9119224990395106,0.0007547695626471126,0.08732273139784227,-1.1405806854547507e-16,-1.0000000000000004
1.8393835616438359,189.4272461975506,91.43355188909075,0.12645012572718886,2.7410515586110016,0.9126734718537419,0.0007577857624439546,0.08656874238381412,-2.3201926491189795e-16,-1.0000000000000009
1.8483561643835618,190.24845972296467,91.61548067111104,0.12536082982596228,2.7432917932951106,0.9134161990515826,0.0007607990350908658,0.08582300191332658,-4.939625097843958e-16,-1.000000000000002
1.8573287671232879,191.07130323056936,91.79687692258898,0.12428342854414776,2.745507595627528,0.9141507860042081,0.0007638094037259148,0.08508540459206601,3.456436525883788e-16,-0.9999999999999987
1.866301369863014,191.89577196253026,91.97774517093612,0.12321777007450513,2.747699277416526,0.9148773366170226,0.0007668168913644915,0.08435584649161287,4.211041237933699e-16,-0.9999999999999983
1.8752739726027399,192.72186120140117,92.15808989145656,0.12216370472149123,2.7498671461332083,0.9155959533498733,0.0007698215208970741,0.0836342251292296,1.3183898417423734e-16,-0.9999999999999994
1.884246575342466,193.54956626966003,92.3379155079862,0.1211210848720572,2.75201150497147,0.9163067372370406,0.000772823315087126,0.08292043944787228,-9.974659986866641e-17,-1.0000000000000004
1.893219178082192,194.37888252924907,92.51722639352593,0.12008976496676539,2.7541326529073267,0.9170097879070166,0.0007758222965691258,0.08221438979641428,4.996003610813204e-16,-0.999999999999998
1.902191780821918,195.2098053811224,92.69602687086856,0.11906960147122335,2.7562308847575734,0.9177052036020624,0.0007788184878467239,0.08151597791009085,-6.739400704169896e-16,-1.0000000000000027
1.911164383561644,196.04233026479776,92.87432121321956,0.11806045284783931,2.758306491237803,0.9183930811975461,0.0007818119112910177,0.08082510689116283,4.0635897424756706e-16,-0.9999999999999983
1.92013698630137,196.87645265791446,93.0521136448111,0.11706217952789748,2.7603597590197433,0.9190735162210624,0.0007848025891389458,0.08014168118979868,3.937822290467352e-16,-0.9999999999999983
1.929109589041096,197.71216807579685,93.22940834151046,0.11607464388395473,2.7623909707879584,0.9197466028713305,0.0007877905434917962,0.07946560658517773,-1.3660947373317356e-16,-1.0000000000000007
1.9380821917808222,198.5494720710228,93.40620943142142,0.11509771020255918,2.7644004052958793,0.9204124340368746,0.0007907757963138173,0.07879679016681163,4.3107878378023656e-16,-0.9999999999999982
1.947054794520548,199.38836023299808,93.58252099547957,0.11413124465728901,2.766388337421165,0.9210711013144807,0.0007937583694309404,0.0781351403160884,-7.953707137353661e-16,-1.0000000000000033
1.9560273972602742,200.22882818753564,93.75834706804153,0.1131751152821136,2.768355038220427,0.9217226950274362,0.0007967382845295968,0.0774805666880342,1.7737547541862853e-16,-0.9999999999999992
1.965,201.07087159644027,93.93369163746709,0.11222919194507468,2.770300774983269,0.922367304243549,0.0007997155631556349,0.0768329801932954,-5.360295540768334e-16,-1.0000000000000022
